Workbook

Sheet Cómo usarla
B2: Análisis ABC-XYZ | H2: INGENIO LEAN
B3: Descubre qué clientes o referencias sostienen tu empresa | H3: ingeniolean.substack.com
B6: Qué te dice
C7: ABC: qué clientes o referencias generan la mayor parte de tu facturación (normalmente, unos pocos generan casi todo). XYZ: cuáles compran de forma regular y cuáles a golpes.
B9: Cómo se usa
B10: 1 | C10: Ve a la hoja «Datos y análisis».
B11: 2 | C11: Pega en la columna A el nombre o código de cada cliente (o referencia) y en las columnas Ene…Dic su facturación de cada mes. Pon 0 en los meses sin ventas.
B12: 3 | C12: ¿Solo tienes el total del año? Escríbelo en la columna «Ene» y deja el resto vacío: tendrás el ABC, pero no el XYZ.
B13: 4 | C13: Las columnas azules se calculan solas. No hace falta ordenar nada.
B14: 5 | C14: Mira el resultado en la hoja «Resumen».
B15: 6 | C15: Si quieres, cambia los cortes (80 % y 95 %) en la parte de arriba de «Datos y análisis».
B17: 🔒 | C17: Tus datos son tuyos. Este archivo no se conecta a nada ni envía información a ningún sitio: todo se calcula dentro de tu Excel.
B19: Cómo se calcula
C20: A: los que suman el primer 80 % de la facturación. B: hasta el 95 %. C: el resto.
C21: XYZ: regularidad mes a mes (coeficiente de variación). X hasta 0,5 · Y hasta 1 · Z por encima.
C22: Si un mismo nombre aparece en varias filas, cuenta como dos: agrúpalo antes de pegarlo.
B24: Más herramientas como esta
C25: Versión online, sin Excel: roqueperez.es/herramientas/analisis-abc
C26: Newsletter Ingenio Lean: un problema real de planta cada dos lunes → ingeniolean.substack.com
C28: Plantilla gratuita de Ingenio Lean · Roque Pérez · roqueperez.es

Sheet Datos y análisis
B2: Datos y análisis | S2: INGENIO LEAN
B3: Pega tus datos en las columnas blancas. Las azules se calculan solas. | S3: ingeniolean.substack.com
A6: Corte A | B6: 0.8 | C6: Corte B | D6: 0.95 | F6: Límite X | G6: 0.5 | H6: Límite Y | I6: 1 | K6: ← puedes cambiarlos
A7: Cliente o referencia | B7: Ene | C7: Feb | D7: Mar | E7: Abr | F7: May | G7: Jun | H7: Jul | I7: Ago | J7: Sep | K7: Oct | L7: Nov | M7: Dic | N7: Total | O7: % del total | P7: % acumulado | Q7: ABC | R7: Variación | S7: XYZ
N8: =IF(COUNT(B8:M8)=0,"",SUM(B8:M8)) | O8: =IF(N8="","",IF(N8<=0,"",N8/SUMIF($N$8:$N$507,">0"))) | P8: =IF(O8="","",SUMIF($N$8:$N$507,">="&N8)/SUMIF($N$8:$N$507,">0")) | Q8: =IF(O8="","",IF(SUMIF($N$8:$N$507,">"&N8)/SUMIF($N$8:$N$507,">0")<$B$6,"A",IF(SUMIF($N$8:$N$507,">"&N8)/SUMIF($N$8:$N$507,">0")<$D$6,"B","C"))) | R8: =IF(O8="","",IF(COUNT(B8:M8)<3,"",STDEVP(B8:M8)/AVERAGE(B8:M8))) | S8: =IF(R8="","",IF(R8<=$G$6,"X",IF(R8<=$I$6,"Y","Z")))
N9: =IF(COUNT(B9:M9)=0,"",SUM(B9:M9)) | O9: =IF(N9="","",IF(N9<=0,"",N9/SUMIF($N$8:$N$507,">0"))) | P9: =IF(O9="","",SUMIF($N$8:$N$507,">="&N9)/SUMIF($N$8:$N$507,">0")) | Q9: =IF(O9="","",IF(SUMIF($N$8:$N$507,">"&N9)/SUMIF($N$8:$N$507,">0")<$B$6,"A",IF(SUMIF($N$8:$N$507,">"&N9)/SUMIF($N$8:$N$507,">0")<$D$6,"B","C"))) | R9: =IF(O9="","",IF(COUNT(B9:M9)<3,"",STDEVP(B9:M9)/AVERAGE(B9:M9))) | S9: =IF(R9="","",IF(R9<=$G$6,"X",IF(R9<=$I$6,"Y","Z")))
N10: =IF(COUNT(B10:M10)=0,"",SUM(B10:M10)) | O10: =IF(N10="","",IF(N10<=0,"",N10/SUMIF($N$8:$N$507,">0"))) | P10: =IF(O10="","",SUMIF($N$8:$N$507,">="&N10)/SUMIF($N$8:$N$507,">0")) | Q10: =IF(O10="","",IF(SUMIF($N$8:$N$507,">"&N10)/SUMIF($N$8:$N$507,">0")<$B$6,"A",IF(SUMIF($N$8:$N$507,">"&N10)/SUMIF($N$8:$N$507,">0")<$D$6,"B","C"))) | R10: =IF(O10="","",IF(COUNT(B10:M10)<3,"",STDEVP(B10:M10)/AVERAGE(B10:M10))) | S10: =IF(R10="","",IF(R10<=$G$6,"X",IF(R10<=$I$6,"Y","Z")))
N11: =IF(COUNT(B11:M11)=0,"",SUM(B11:M11)) | O11: =IF(N11="","",IF(N11<=0,"",N11/SUMIF($N$8:$N$507,">0"))) | P11: =IF(O11="","",SUMIF($N$8:$N$507,">="&N11)/SUMIF($N$8:$N$507,">0")) | Q11: =IF(O11="","",IF(SUMIF($N$8:$N$507,">"&N11)/SUMIF($N$8:$N$507,">0")<$B$6,"A",IF(SUMIF($N$8:$N$507,">"&N11)/SUMIF($N$8:$N$507,">0")<$D$6,"B","C"))) | R11: =IF(O11="","",IF(COUNT(B11:M11)<3,"",STDEVP(B11:M11)/AVERAGE(B11:M11))) | S11: =IF(R11="","",IF(R11<=$G$6,"X",IF(R11<=$I$6,"Y","Z")))
N12: =IF(COUNT(B12:M12)=0,"",SUM(B12:M12)) | O12: =IF(N12="","",IF(N12<=0,"",N12/SUMIF($N$8:$N$507,">0"))) | P12: =IF(O12="","",SUMIF($N$8:$N$507,">="&N12)/SUMIF($N$8:$N$507,">0")) | Q12: =IF(O12="","",IF(SUMIF($N$8:$N$507,">"&N12)/SUMIF($N$8:$N$507,">0")<$B$6,"A",IF(SUMIF($N$8:$N$507,">"&N12)/SUMIF($N$8:$N$507,">0")<$D$6,"B","C"))) | R12: =IF(O12="","",IF(COUNT(B12:M12)<3,"",STDEVP(B12:M12)/AVERAGE(B12:M12))) | S12: =IF(R12="","",IF(R12<=$G$6,"X",IF(R12<=$I$6,"Y","Z")))
N13: =IF(COUNT(B13:M13)=0,"",SUM(B13:M13)) | O13: =IF(N13="","",IF(N13<=0,"",N13/SUMIF($N$8:$N$507,">0"))) | P13: =IF(O13="","",SUMIF($N$8:$N$507,">="&N13)/SUMIF($N$8:$N$507,">0")) | Q13: =IF(O13="","",IF(SUMIF($N$8:$N$507,">"&N13)/SUMIF($N$8:$N$507,">0")<$B$6,"A",IF(SUMIF($N$8:$N$507,">"&N13)/SUMIF($N$8:$N$507,">0")<$D$6,"B","C"))) | R13: =IF(O13="","",IF(COUNT(B13:M13)<3,"",STDEVP(B13:M13)/AVERAGE(B13:M13))) | S13: =IF(R13="","",IF(R13<=$G$6,"X",IF(R13<=$I$6,"Y","Z")))
N14: =IF(COUNT(B14:M14)=0,"",SUM(B14:M14)) | O14: =IF(N14="","",IF(N14<=0,"",N14/SUMIF($N$8:$N$507,">0"))) | P14: =IF(O14="","",SUMIF($N$8:$N$507,">="&N14)/SUMIF($N$8:$N$507,">0")) | Q14: =IF(O14="","",IF(SUMIF($N$8:$N$507,">"&N14)/SUMIF($N$8:$N$507,">0")<$B$6,"A",IF(SUMIF($N$8:$N$507,">"&N14)/SUMIF($N$8:$N$507,">0")<$D$6,"B","C"))) | R14: =IF(O14="","",IF(COUNT(B14:M14)<3,"",STDEVP(B14:M14)/AVERAGE(B14:M14))) | S14: =IF(R14="","",IF(R14<=$G$6,"X",IF(R14<=$I$6,"Y","Z")))
N15: =IF(COUNT(B15:M15)=0,"",SUM(B15:M15)) | O15: =IF(N15="","",IF(N15<=0,"",N15/SUMIF($N$8:$N$507,">0"))) | P15: =IF(O15="","",SUMIF($N$8:$N$507,">="&N15)/SUMIF($N$8:$N$507,">0")) | Q15: =IF(O15="","",IF(SUMIF($N$8:$N$507,">"&N15)/SUMIF($N$8:$N$507,">0")<$B$6,"A",IF(SUMIF($N$8:$N$507,">"&N15)/SUMIF($N$8:$N$507,">0")<$D$6,"B","C"))) | R15: =IF(O15="","",IF(COUNT(B15:M15)<3,"",STDEVP(B15:M15)/AVERAGE(B15:M15))) | S15: =IF(R15="","",IF(R15<=$G$6,"X",IF(R15<=$I$6,"Y","Z")))
N16: =IF(COUNT(B16:M16)=0,"",SUM(B16:M16)) | O16: =IF(N16="","",IF(N16<=0,"",N16/SUMIF($N$8:$N$507,">0"))) | P16: =IF(O16="","",SUMIF($N$8:$N$507,">="&N16)/SUMIF($N$8:$N$507,">0")) | Q16: =IF(O16="","",IF(SUMIF($N$8:$N$507,">"&N16)/SUMIF($N$8:$N$507,">0")<$B$6,"A",IF(SUMIF($N$8:$N$507,">"&N16)/SUMIF($N$8:$N$507,">0")<$D$6,"B","C"))) | R16: =IF(O16="","",IF(COUNT(B16:M16)<3,"",STDEVP(B16:M16)/AVERAGE(B16:M16))) | S16: =IF(R16="","",IF(R16<=$G$6,"X",IF(R16<=$I$6,"Y","Z")))
N17: =IF(COUNT(B17:M17)=0,"",SUM(B17:M17)) | O17: =IF(N17="","",IF(N17<=0,"",N17/SUMIF($N$8:$N$507,">0"))) | P17: =IF(O17="","",SUMIF($N$8:$N$507,">="&N17)/SUMIF($N$8:$N$507,">0")) | Q17: =IF(O17="","",IF(SUMIF($N$8:$N$507,">"&N17)/SUMIF($N$8:$N$507,">0")<$B$6,"A",IF(SUMIF($N$8:$N$507,">"&N17)/SUMIF($N$8:$N$507,">0")<$D$6,"B","C"))) | R17: =IF(O17="","",IF(COUNT(B17:M17)<3,"",STDEVP(B17:M17)/AVERAGE(B17:M17))) | S17: =IF(R17="","",IF(R17<=$G$6,"X",IF(R17<=$I$6,"Y","Z")))
N18: =IF(COUNT(B18:M18)=0,"",SUM(B18:M18)) | O18: =IF(N18="","",IF(N18<=0,"",N18/SUMIF($N$8:$N$507,">0"))) | P18: =IF(O18="","",SUMIF($N$8:$N$507,">="&N18)/SUMIF($N$8:$N$507,">0")) | Q18: =IF(O18="","",IF(SUMIF($N$8:$N$507,">"&N18)/SUMIF($N$8:$N$507,">0")<$B$6,"A",IF(SUMIF($N$8:$N$507,">"&N18)/SUMIF($N$8:$N$507,">0")<$D$6,"B","C"))) | R18: =IF(O18="","",IF(COUNT(B18:M18)<3,"",STDEVP(B18:M18)/AVERAGE(B18:M18))) | S18: =IF(R18="","",IF(R18<=$G$6,"X",IF(R18<=$I$6,"Y","Z")))
N19: =IF(COUNT(B19:M19)=0,"",SUM(B19:M19)) | O19: =IF(N19="","",IF(N19<=0,"",N19/SUMIF($N$8:$N$507,">0"))) | P19: =IF(O19="","",SUMIF($N$8:$N$507,">="&N19)/SUMIF($N$8:$N$507,">0")) | Q19: =IF(O19="","",IF(SUMIF($N$8:$N$507,">"&N19)/SUMIF($N$8:$N$507,">0")<$B$6,"A",IF(SUMIF($N$8:$N$507,">"&N19)/SUMIF($N$8:$N$507,">0")<$D$6,"B","C"))) | R19: =IF(O19="","",IF(COUNT(B19:M19)<3,"",STDEVP(B19:M19)/AVERAGE(B19:M19))) | S19: =IF(R19="","",IF(R19<=$G$6,"X",IF(R19<=$I$6,"Y","Z")))
... N507: =IF(COUNT(B507:M507)=0,"",SUM(B507:M507)) | O507: =IF(N507="","",IF(N507<=0,"",N507/SUMIF($N$8:$N$507,">0"))) | P507: =IF(O507="","",SUMIF($N$8:$N$507,">="&N507)/SUMIF($N$8:$N$507,">0")) | Q507: =IF(O507="","",IF(SUMIF($N$8:$N$507,">"&N507)/SUMIF($N$8:$N$507,">0")<$B$6,"A",IF(SUMIF($N$8:$N$507,">"&N507)/SUMIF($N$8:$N$507,">0")<$D$6,"B","C"))) | R507: =IF(O507="","",IF(COUNT(B507:M507)<3,"",STDEVP(B507:M507)/AVERAGE(B507:M507))) | S507: =IF(R507="","",IF(R507<=$G$6,"X",IF(R507<=$I$6,"Y","Z")))

Sheet Resumen
B2: Resumen | I2: INGENIO LEAN
B3: Tu regla del 80/20, en una hoja | I3: ingeniolean.substack.com
B6: =IF(COUNTIF('Datos y análisis'!$Q$8:$Q$507,"?")=0,"Pega tus datos en la hoja «Datos y análisis» y aquí verás el resultado.","El "&TEXT(COUNTIF('Datos y análisis'!$Q$8:$Q$507,"A")/COUNTIF('Datos y análisis'!$Q$8:$Q$507,"?"),"0%")&" de tus clientes o referencias genera el "&TEXT(SUMIF('Datos y análisis'!$Q$8:$Q$507,"A",'Datos y análisis'!$N$8:$N$507)/SUMIF('Datos y análisis'!$N$8:$N$507,">0"),"0%")&" de tu facturación.")
B8: Grupo | C8: Cuántos | D8: % de la lista | E8: Facturación | F8: % de la facturación
B9: A · los que sostienen la empresa | C9: =COUNTIF('Datos y análisis'!$Q$8:$Q$507,"A") | D9: =IF(COUNTIF('Datos y análisis'!$Q$8:$Q$507,"?")=0,"",C9/COUNTIF('Datos y análisis'!$Q$8:$Q$507,"?")) | E9: =SUMIF('Datos y análisis'!$Q$8:$Q$507,"A",'Datos y análisis'!$N$8:$N$507) | F9: =IF(SUMIF('Datos y análisis'!$N$8:$N$507,">0")=0,"",E9/SUMIF('Datos y análisis'!$N$8:$N$507,">0"))
B10: B · la cantera | C10: =COUNTIF('Datos y análisis'!$Q$8:$Q$507,"B") | D10: =IF(COUNTIF('Datos y análisis'!$Q$8:$Q$507,"?")=0,"",C10/COUNTIF('Datos y análisis'!$Q$8:$Q$507,"?")) | E10: =SUMIF('Datos y análisis'!$Q$8:$Q$507,"B",'Datos y análisis'!$N$8:$N$507) | F10: =IF(SUMIF('Datos y análisis'!$N$8:$N$507,">0")=0,"",E10/SUMIF('Datos y análisis'!$N$8:$N$507,">0"))
B11: C · la cola | C11: =COUNTIF('Datos y análisis'!$Q$8:$Q$507,"C") | D11: =IF(COUNTIF('Datos y análisis'!$Q$8:$Q$507,"?")=0,"",C11/COUNTIF('Datos y análisis'!$Q$8:$Q$507,"?")) | E11: =SUMIF('Datos y análisis'!$Q$8:$Q$507,"C",'Datos y análisis'!$N$8:$N$507) | F11: =IF(SUMIF('Datos y análisis'!$N$8:$N$507,">0")=0,"",E11/SUMIF('Datos y análisis'!$N$8:$N$507,">0"))
B12: Total | C12: =SUM(C9:C11) | E12: =SUM(E9:E11)
B14: Tu mayor cliente o referencia supone | D14: =IF(COUNTIF('Datos y análisis'!$Q$8:$Q$507,"?")=0,"",MAX('Datos y análisis'!$O$8:$O$507)) | E14: de tu facturación
B16: ABC × XYZ
B17: Cuántos hay en cada casilla (solo si has pegado al menos 3 meses).
C18: X · regular | D18: Y · altibajos | E18: Z · a golpes
B19: A | C19: =COUNTIFS('Datos y análisis'!$Q$8:$Q$507,"A",'Datos y análisis'!$S$8:$S$507,"X") | D19: =COUNTIFS('Datos y análisis'!$Q$8:$Q$507,"A",'Datos y análisis'!$S$8:$S$507,"Y") | E19: =COUNTIFS('Datos y análisis'!$Q$8:$Q$507,"A",'Datos y análisis'!$S$8:$S$507,"Z")
B20: B | C20: =COUNTIFS('Datos y análisis'!$Q$8:$Q$507,"B",'Datos y análisis'!$S$8:$S$507,"X") | D20: =COUNTIFS('Datos y análisis'!$Q$8:$Q$507,"B",'Datos y análisis'!$S$8:$S$507,"Y") | E20: =COUNTIFS('Datos y análisis'!$Q$8:$Q$507,"B",'Datos y análisis'!$S$8:$S$507,"Z")
B21: C | C21: =COUNTIFS('Datos y análisis'!$Q$8:$Q$507,"C",'Datos y análisis'!$S$8:$S$507,"X") | D21: =COUNTIFS('Datos y análisis'!$Q$8:$Q$507,"C",'Datos y análisis'!$S$8:$S$507,"Y") | E21: =COUNTIFS('Datos y análisis'!$Q$8:$Q$507,"C",'Datos y análisis'!$S$8:$S$507,"Z")
B23: AX: tus pilares, fáciles de planificar. AZ: importantes pero imprevisibles, los que más desordenan la planta.
B25: Qué hacer con cada grupo
B26: A | C26: Son tu empresa. Cuida el servicio y vigila cuánto dependes de cada uno. En referencias: que nunca falten.
B27: B | C27: La cantera: con algo de atención, algunos pueden subir a A.
B28: C | C28: Revisa cuánto te cuesta servirlos: pedido mínimo, tarifas, portes. En referencias: simplifica el catálogo.
B31: Cada dos lunes, un problema real de planta y cómo resolverlo → Suscríbete a Ingenio Lean
B32: Plantilla gratuita de Ingenio Lean · Roque Pérez · roqueperez.es
